Cell line,Media,KRAS status,BRAF status,TP53 status,other mutations CRC panel,MSI/MSS (Bardelli paper; sup fig 1)
Caco2,D10,wt,wt,E204*,CTNNB1 G245A; HDAC3 G296V; HDAC2 R82S; HDAC2 82insS; ATM D351H; ERBB3 D857N; SMAD4 D351H; ERCC1 F231L; TIAM1 G247M,MSS
Car1,EMEM,,,?,,MSS
Colo205,RPMI+Glu+NaPyr,wt,V600E,wt,CTNNB1 N287S,MSS
DLD1mut,RPMI,G13D,wt,S241F,DPYD P1010H; ERBB4 L369I; TGFBR2 L477P; PIK3CA E545K; PIK3CA D549N; APC K993N; APC SG1415SGfs*2; CSMD3 T2957N; ACVR1B V487D; ERBB3 R667H; ERBB3 P1142H; CDH11 G96*; AMER1 E582*; TENM1 T479A,MSI
DLD1etmut,RPMI,G13D,wt,mut,,
DLD1wt,RPMI+G418,A146T,wt,S241F,DPYD P1010H; NRAS G12C; ERBB4 L369I; TGFBR2 L477P; PIK3CA E545K; PIK3CA D549N; APC K993N; APC SG1415SGfs*2; CSMD3 T2957N; ACVR1B V487D; ERBB3 R667H; ERBB3 P1142H; CDH11 G96*; AMER1 E582*; TENM1 T479A,
DLD1etwt,RPMI+G418,wt,wt,S241F,,
HCEC-1ct,ColoUp!,,,?,,(MSI)
HCT116,D10,G13D,wt,Y236C,MLH1 S252*; CTNNB1 44delP; PIK3CA H1047R; (HDAC3 G296V); ERBB3 Q261*; POLE E2140K,MSI
HT29 typ,D10,wt,V600E,R273H,ERBB4 H374Q; TGFBR2 S578T; PIK3CA P449T; APC E853*; SMAD4 Q311*,MSS
LS180,EMEM,G12D,D211G,wt,ARID1A 1848dupG; ARID1A GG1847GGfs*5; SOX11 A385T; CTNNB1 S45F; PIK3CA H1047R; KDR A10T; STK11 I46T,MSI
RKO,D10,wt,V600E,?,,MSI
SW1417,RPMI,wt,V600E,?,,MSS
SW48-,L15,wt,wt,wt,CTNNB1 S33Y; PIK3CA G914R; FBXW7 S668Vfs*38; (HDAC3 G286V); EGFR G719S; CSMD3 W3459R; DAPK1 GY1299VQfs*33; DAPK1 Y1300D; DAPK1 Y1300Tfs*33; ACVR1B R485*; AMER G80C; GRIA A313T,MSI
SW403,D10,G12V,wt,E51*,PIK3CA Q546K; APC N125K; APC SF1196SFfs*67; APC S1198L; APC S127*; (HDAC3 G296V),MSS
SW480,D10,G12V,wt,P309S; R273H,(HDAC3 G296V); GLI3 A1139T; ATM R2461P,MSS
SW620,L15,G12V,wt,P309S; R273H,WNK3 S905N,MSS
SW837,L15,G12C,wt,R248W,APC R213*; APC R1450*; (HDAC3 G296V); AMER1 R497*,MSS
SW948,L15,Q61L,wt,T118Qfs*4,EPHA3 R83G; PIK3CA E542K; APC R1114*; APC Q1429*; SMAD4 D537Y; NOTCH3 G1494C,MSS
WiDR,D10,wt,V600E,R273H,ERBB4 H374Q; TGFBR2 S578T; PIK3CA P449T; APC E853*; SMAD4 Q311*,MSS
